user_id,item_id,rating,reviewTime
A1,10001,2.0,"01 2, 2015"
A2,10002,3.0,"01 3, 2015"
A3,10003,4.0,"01 4, 2015"
A4,10004,5.0,"01 5, 2015"
A5,10005,1.0,"01 6, 2015"
A6,10006,2.0,"01 7, 2015"
A7,10007,3.0,"01 8, 2015"
A8,10008,4.0,"01 9, 2015"
A9,10009,5.0,"01 10, 2015"
A10,10010,1.0,"01 11, 2015"
A11,10011,2.0,"01 12, 2015"
A12,10012,3.0,"01 13, 2015"
A13,10013,4.0,"01 14, 2015"
A14,10014,5.0,"01 15, 2015"
A15,10015,1.0,"01 16, 2015"
A16,10016,2.0,"01 17, 2015"
A17,10017,3.0,"01 18, 2015"
A18,10018,4.0,"01 19, 2015"
A19,10019,5.0,"01 20, 2015"
A20,10020,1.0,"01 21, 2015"
A21,10021,2.0,"01 22, 2015"
A22,10022,3.0,"01 23, 2015"
A23,10023,4.0,"01 24, 2015"
A24,10024,5.0,"01 25, 2015"
A25,10025,1.0,"01 26, 2015"
A26,10026,2.0,"01 27, 2015"
A27,10027,3.0,"01 28, 2015"
A28,10028,4.0,"01 1, 2015"
A29,10029,5.0,"01 2, 2015"
A30,10030,1.0,"01 3, 2015"
A31,10031,2.0,"01 4, 2015"
A32,10032,3.0,"01 5, 2015"
A33,10033,4.0,"01 6, 2015"
A34,10034,5.0,"01 7, 2015"
A35,10035,1.0,"01 8, 2015"
A36,10036,2.0,"01 9, 2015"
A37,10037,3.0,"01 10, 2015"
A38,10038,4.0,"01 11, 2015"
A39,10039,5.0,"01 12, 2015"
A40,10040,1.0,"01 13, 2015"
A41,10041,2.0,"01 14, 2015"
A42,10042,3.0,"01 15, 2015"
A43,10043,4.0,"01 16, 2015"
A44,10044,5.0,"01 17, 2015"
A45,10045,1.0,"01 18, 2015"
A46,10046,2.0,"01 19, 2015"
A47,10047,3.0,"01 20, 2015"
A48,10048,4.0,"01 21, 2015"
A49,10049,5.0,"01 22, 2015"
A50,10050,1.0,"01 23, 2015"
A51,10051,2.0,"01 24, 2015"
A52,10052,3.0,"01 25, 2015"
A53,10053,4.0,"01 26, 2015"
A54,10054,5.0,"01 27, 2015"
A55,10055,1.0,"01 28, 2015"
A56,10056,2.0,"01 1, 2015"
A57,10057,3.0,"01 2, 2015"
A58,10058,4.0,"01 3, 2015"
A59,10059,5.0,"01 4, 2015"
A60,10060,1.0,"01 5, 2015"
A61,10061,2.0,"01 6, 2015"
A62,10062,3.0,"01 7, 2015"
A63,10063,4.0,"01 8, 2015"
A64,10064,5.0,"01 9, 2015"
A65,10065,1.0,"01 10, 2015"
A66,10066,2.0,"01 11, 2015"
A67,10067,3.0,"01 12, 2015"
A68,10068,4.0,"01 13, 2015"
A69,10069,5.0,"01 14, 2015"
A70,10070,1.0,"01 15, 2015"
A71,10071,2.0,"01 16, 2015"
A72,10072,3.0,"01 17, 2015"
A73,10073,4.0,"01 18, 2015"
A74,10074,5.0,"01 19, 2015"
A75,10075,1.0,"01 20, 2015"
A76,10076,2.0,"01 21, 2015"
A77,10077,3.0,"01 22, 2015"
A78,10078,4.0,"01 23, 2015"
A79,10079,5.0,"01 24, 2015"
A80,10080,1.0,"01 25, 2015"
A81,10081,2.0,"01 26, 2015"
A82,10082,3.0,"01 27, 2015"
A83,10083,4.0,"01 28, 2015"
A84,10084,5.0,"01 1, 2015"
A85,10085,1.0,"01 2, 2015"
A86,10086,2.0,"01 3, 2015"
A87,10087,3.0,"01 4, 2015"
A88,10088,4.0,"01 5, 2015"
A89,10089,5.0,"01 6, 2015"
A90,10090,1.0,"01 7, 2015"
A91,10091,2.0,"01 8, 2015"
A92,10092,3.0,"01 9, 2015"
A93,10093,4.0,"01 10, 2015"
A94,10094,5.0,"01 11, 2015"
A95,10095,1.0,"01 12, 2015"
A96,10096,2.0,"01 13, 2015"
A97,10097,3.0,"01 14, 2015"
A98,10098,4.0,"01 15, 2015"
A99,10099,5.0,"01 16, 2015"
A100,10100,1.0,"01 17, 2015"
A101,10101,2.0,"01 18, 2015"
A102,10102,3.0,"01 19, 2015"
A103,10103,4.0,"01 20, 2015"
A104,10104,5.0,"01 21, 2015"
A105,10105,1.0,"01 22, 2015"
A106,10106,2.0,"01 23, 2015"
A107,10107,3.0,"01 24, 2015"
A108,10108,4.0,"01 25, 2015"
A109,10109,5.0,"01 26, 2015"
A110,10110,1.0,"01 27, 2015"
A111,10111,2.0,"01 28, 2015"
A112,10112,3.0,"01 1, 2015"
A113,10113,4.0,"01 2, 2015"
A114,10114,5.0,"01 3, 2015"
A115,10115,1.0,"01 4, 2015"
A116,10116,2.0,"01 5, 2015"
A117,10117,3.0,"01 6, 2015"
A118,10118,4.0,"01 7, 2015"
A119,10119,5.0,"01 8, 2015"
A120,10120,1.0,"01 9, 2015"
A121,10121,2.0,"01 10, 2015"
A122,10122,3.0,"01 11, 2015"
A123,10123,4.0,"01 12, 2015"
A124,10124,5.0,"01 13, 2015"
A125,10125,1.0,"01 14, 2015"
A126,10126,2.0,"01 15, 2015"
A127,10127,3.0,"01 16, 2015"
A128,10128,4.0,"01 17, 2015"
A129,10129,5.0,"01 18, 2015"
A130,10130,1.0,"01 19, 2015"
A131,10131,2.0,"01 20, 2015"
A132,10132,3.0,"01 21, 2015"
A133,10133,4.0,"01 22, 2015"
A134,10134,5.0,"01 23, 2015"
A135,10135,1.0,"01 24, 2015"
A136,10136,2.0,"01 25, 2015"
A137,10137,3.0,"01 26, 2015"
A138,10138,4.0,"01 27, 2015"
A139,10139,5.0,"01 28, 2015"
A140,10140,1.0,"01 1, 2015"
A141,10141,2.0,"01 2, 2015"
A142,10142,3.0,"01 3, 2015"
A143,10143,4.0,"01 4, 2015"
A144,10144,5.0,"01 5, 2015"
A145,10145,1.0,"01 6, 2015"
A146,10146,2.0,"01 7, 2015"
A147,10147,3.0,"01 8, 2015"
A148,10148,4.0,"01 9, 2015"
A149,10149,5.0,"01 10, 2015"
A150,10150,1.0,"01 11, 2015"
A151,10151,2.0,"01 12, 2015"
A152,10152,3.0,"01 13, 2015"
A153,10153,4.0,"01 14, 2015"
A154,10154,5.0,"01 15, 2015"
A155,10155,1.0,"01 16, 2015"
A156,10156,2.0,"01 17, 2015"
A157,10157,3.0,"01 18, 2015"
A158,10158,4.0,"01 19, 2015"
A159,10159,5.0,"01 20, 2015"
A160,10160,1.0,"01 21, 2015"
A161,10161,2.0,"01 22, 2015"
A162,10162,3.0,"01 23, 2015"
A163,10163,4.0,"01 24, 2015"
A164,10164,5.0,"01 25, 2015"
A165,10165,1.0,"01 26, 2015"
A166,10166,2.0,"01 27, 2015"
A167,10167,3.0,"01 28, 2015"
A168,10168,4.0,"01 1, 2015"
A169,10169,5.0,"01 2, 2015"
A170,10170,1.0,"01 3, 2015"
A171,10171,2.0,"01 4, 2015"
A172,10172,3.0,"01 5, 2015"
A173,10173,4.0,"01 6, 2015"
A174,10174,5.0,"01 7, 2015"
A175,10175,1.0,"01 8, 2015"
A176,10176,2.0,"01 9, 2015"
A177,10177,3.0,"01 10, 2015"
A178,10178,4.0,"01 11, 2015"
A179,10179,5.0,"01 12, 2015"
A180,10180,1.0,"01 13, 2015"
A181,10181,2.0,"01 14, 2015"
A182,10182,3.0,"01 15, 2015"
A183,10183,4.0,"01 16, 2015"
A184,10184,5.0,"01 17, 2015"
A185,10185,1.0,"01 18, 2015"
A186,10186,2.0,"01 19, 2015"
A187,10187,3.0,"01 20, 2015"
A188,10188,4.0,"01 21, 2015"
A189,10189,5.0,"01 22, 2015"
A190,10190,1.0,"01 23, 2015"
A191,10191,2.0,"01 24, 2015"
A192,10192,3.0,"01 25, 2015"
A193,10193,4.0,"01 26, 2015"
A194,10194,5.0,"01 27, 2015"
A195,10195,1.0,"01 28, 2015"
A196,10196,2.0,"01 1, 2015"
A197,10197,3.0,"01 2, 2015"
A198,10198,4.0,"01 3, 2015"
A199,10199,5.0,"01 4, 2015"
A200,10200,1.0,"01 5, 2015"
A201,10201,2.0,"01 6, 2015"
A202,10202,3.0,"01 7, 2015"
A203,10203,4.0,"01 8, 2015"
A204,10204,5.0,"01 9, 2015"
A205,10205,1.0,"01 10, 2015"
A206,10206,2.0,"01 11, 2015"
A207,10207,3.0,"01 12, 2015"
A208,10208,4.0,"01 13, 2015"
A209,10209,5.0,"01 14, 2015"
A210,10210,1.0,"01 15, 2015"
A211,10211,2.0,"01 16, 2015"
A212,10212,3.0,"01 17, 2015"
A213,10213,4.0,"01 18, 2015"
A214,10214,5.0,"01 19, 2015"
A215,10215,1.0,"01 20, 2015"
A216,10216,2.0,"01 21, 2015"
A217,10217,3.0,"01 22, 2015"
A218,10218,4.0,"01 23, 2015"
A219,10219,5.0,"01 24, 2015"
A220,10220,1.0,"01 25, 2015"
A221,10221,2.0,"01 26, 2015"
A222,10222,3.0,"01 27, 2015"
A223,10223,4.0,"01 28, 2015"
A224,10224,5.0,"01 1, 2015"
A225,10225,1.0,"01 2, 2015"
A226,10226,2.0,"01 3, 2015"
A227,10227,3.0,"01 4, 2015"
A228,10228,4.0,"01 5, 2015"
A229,10229,5.0,"01 6, 2015"
A230,10230,1.0,"01 7, 2015"
A231,10231,2.0,"01 8, 2015"
A232,10232,3.0,"01 9, 2015"
A233,10233,4.0,"01 10, 2015"
A234,10234,5.0,"01 11, 2015"
A235,10235,1.0,"01 12, 2015"
A236,10236,2.0,"01 13, 2015"
A237,10237,3.0,"01 14, 2015"
A238,10238,4.0,"01 15, 2015"
A239,10239,5.0,"01 16, 2015"
A240,10240,1.0,"01 17, 2015"
A241,10241,2.0,"01 18, 2015"
A242,10242,3.0,"01 19, 2015"
A243,10243,4.0,"01 20, 2015"
A244,10244,5.0,"01 21, 2015"
A245,10245,1.0,"01 22, 2015"
A246,10246,2.0,"01 23, 2015"
A247,10247,3.0,"01 24, 2015"
A248,10248,4.0,"01 25, 2015"
A249,10249,5.0,"01 26, 2015"
A250,10250,1.0,"01 27, 2015"
A251,10251,2.0,"01 28, 2015"
A252,10252,3.0,"01 1, 2015"
A253,10253,4.0,"01 2, 2015"
A254,10254,5.0,"01 3, 2015"
A255,10255,1.0,"01 4, 2015"
A256,10256,2.0,"01 5, 2015"
A257,10257,3.0,"01 6, 2015"
A258,10258,4.0,"01 7, 2015"
A259,10259,5.0,"01 8, 2015"
A260,10260,1.0,"01 9, 2015"
A261,10261,2.0,"01 10, 2015"
A262,10262,3.0,"01 11, 2015"
A263,10263,4.0,"01 12, 2015"
A264,10264,5.0,"01 13, 2015"
A265,10265,1.0,"01 14, 2015"
A266,10266,2.0,"01 15, 2015"
A267,10267,3.0,"01 16, 2015"
A268,10268,4.0,"01 17, 2015"
A269,10269,5.0,"01 18, 2015"
A270,10270,1.0,"01 19, 2015"
A271,10271,2.0,"01 20, 2015"
A272,10272,3.0,"01 21, 2015"
A273,10273,4.0,"01 22, 2015"
A274,10274,5.0,"01 23, 2015"
A275,10275,1.0,"01 24, 2015"
A276,10276,2.0,"01 25, 2015"
A277,10277,3.0,"01 26, 2015"
A278,10278,4.0,"01 27, 2015"
A279,10279,5.0,"01 28, 2015"
A280,10280,1.0,"01 1, 2015"
A281,10281,2.0,"01 2, 2015"
A282,10282,3.0,"01 3, 2015"
A283,10283,4.0,"01 4, 2015"
A284,10284,5.0,"01 5, 2015"
A285,10285,1.0,"01 6, 2015"
A286,10286,2.0,"01 7, 2015"
A287,10287,3.0,"01 8, 2015"
A288,10288,4.0,"01 9, 2015"
A289,10289,5.0,"01 10, 2015"
A290,10290,1.0,"01 11, 2015"
A291,10291,2.0,"01 12, 2015"
A292,10292,3.0,"01 13, 2015"
A293,10293,4.0,"01 14, 2015"
A294,10294,5.0,"01 15, 2015"
A295,10295,1.0,"01 16, 2015"
A296,10296,2.0,"01 17, 2015"
A297,10297,3.0,"01 18, 2015"
A298,10298,4.0,"01 19, 2015"
A299,10299,5.0,"01 20, 2015"
A300,10300,1.0,"01 21, 2015"
A301,10301,2.0,"01 22, 2015"
A302,10302,3.0,"01 23, 2015"
A303,10303,4.0,"01 24, 2015"
A304,10304,5.0,"01 25, 2015"
A305,10305,1.0,"01 26, 2015"
A306,10306,2.0,"01 27, 2015"
A307,10307,3.0,"01 28, 2015"
A308,10308,4.0,"01 1, 2015"
A309,10309,5.0,"01 2, 2015"
A310,10310,1.0,"01 3, 2015"
A311,10311,2.0,"01 4, 2015"
A312,10312,3.0,"01 5, 2015"
A313,10313,4.0,"01 6, 2015"
A314,10314,5.0,"01 7, 2015"
A315,10315,1.0,"01 8, 2015"
A316,10316,2.0,"01 9, 2015"
A317,10317,3.0,"01 10, 2015"
A318,10318,4.0,"01 11, 2015"
A319,10319,5.0,"01 12, 2015"
A320,10320,1.0,"01 13, 2015"
A321,10321,2.0,"01 14, 2015"
A322,10322,3.0,"01 15, 2015"
A323,10323,4.0,"01 16, 2015"
A324,10324,5.0,"01 17, 2015"
A325,10325,1.0,"01 18, 2015"
A326,10326,2.0,"01 19, 2015"
A327,10327,3.0,"01 20, 2015"
A328,10328,4.0,"01 21, 2015"
A329,10329,5.0,"01 22, 2015"
A330,10330,1.0,"01 23, 2015"
A331,10331,2.0,"01 24, 2015"
A332,10332,3.0,"01 25, 2015"
A333,10333,4.0,"01 26, 2015"
A334,10334,5.0,"01 27, 2015"
A335,10335,1.0,"01 28, 2015"
A336,10336,2.0,"01 1, 2015"
A337,10337,3.0,"01 2, 2015"
A338,10338,4.0,"01 3, 2015"
A339,10339,5.0,"01 4, 2015"
A340,10340,1.0,"01 5, 2015"
A341,10341,2.0,"01 6, 2015"
A342,10342,3.0,"01 7, 2015"
A343,10343,4.0,"01 8, 2015"
A344,10344,5.0,"01 9, 2015"
A345,10345,1.0,"01 10, 2015"
A346,10346,2.0,"01 11, 2015"
A347,10347,3.0,"01 12, 2015"
A348,10348,4.0,"01 13, 2015"
A349,10349,5.0,"01 14, 2015"
A350,10350,1.0,"01 15, 2015"
A351,10351,2.0,"01 16, 2015"
A352,10352,3.0,"01 17, 2015"
A353,10353,4.0,"01 18, 2015"
A354,10354,5.0,"01 19, 2015"
A355,10355,1.0,"01 20, 2015"
A356,10356,2.0,"01 21, 2015"
A357,10357,3.0,"01 22, 2015"
A358,10358,4.0,"01 23, 2015"
A359,10359,5.0,"01 24, 2015"
A360,10360,1.0,"01 25, 2015"
A361,10361,2.0,"01 26, 2015"
A362,10362,3.0,"01 27, 2015"
A363,10363,4.0,"01 28, 2015"
A364,10364,5.0,"01 1, 2015"
A365,10365,1.0,"01 2, 2015"
A366,10366,2.0,"01 3, 2015"
A367,10367,3.0,"01 4, 2015"
A368,10368,4.0,"01 5, 2015"
A369,10369,5.0,"01 6, 2015"
A370,10370,1.0,"01 7, 2015"
A371,10371,2.0,"01 8, 2015"
A372,10372,3.0,"01 9, 2015"
A373,10373,4.0,"01 10, 2015"
A374,10374,5.0,"01 11, 2015"
A375,10375,1.0,"01 12, 2015"
A376,10376,2.0,"01 13, 2015"
A377,10377,3.0,"01 14, 2015"
A378,10378,4.0,"01 15, 2015"
A379,10379,5.0,"01 16, 2015"
A380,10380,1.0,"01 17, 2015"
A381,10381,2.0,"01 18, 2015"
A382,10382,3.0,"01 19, 2015"
A383,10383,4.0,"01 20, 2015"
A384,10384,5.0,"01 21, 2015"
A385,10385,1.0,"01 22, 2015"
A386,10386,2.0,"01 23, 2015"
A387,10387,3.0,"01 24, 2015"
A388,10388,4.0,"01 25, 2015"
A389,10389,5.0,"01 26, 2015"
A390,10390,1.0,"01 27, 2015"
A391,10391,2.0,"01 28, 2015"
A392,10392,3.0,"01 1, 2015"
A393,10393,4.0,"01 2, 2015"
A394,10394,5.0,"01 3, 2015"
A395,10395,1.0,"01 4, 2015"
A396,10396,2.0,"01 5, 2015"
A397,10397,3.0,"01 6, 2015"
A398,10398,4.0,"01 7, 2015"
A399,10399,5.0,"01 8, 2015"
A400,10400,1.0,"01 9, 2015"
A401,10401,2.0,"01 10, 2015"
A402,10402,3.0,"01 11, 2015"
A403,10403,4.0,"01 12, 2015"
A404,10404,5.0,"01 13, 2015"
A405,10405,1.0,"01 14, 2015"
A406,10406,2.0,"01 15, 2015"
A407,10407,3.0,"01 16, 2015"
A408,10408,4.0,"01 17, 2015"
A409,10409,5.0,"01 18, 2015"
A410,10410,1.0,"01 19, 2015"
A411,10411,2.0,"01 20, 2015"
A412,10412,3.0,"01 21, 2015"
A413,10413,4.0,"01 22, 2015"
A414,10414,5.0,"01 23, 2015"
A415,10415,1.0,"01 24, 2015"
A416,10416,2.0,"01 25, 2015"
A417,10417,3.0,"01 26, 2015"
A418,10418,4.0,"01 27, 2015"
A419,10419,5.0,"01 28, 2015"
A420,10420,1.0,"01 1, 2015"
A421,10421,2.0,"01 2, 2015"
A422,10422,3.0,"01 3, 2015"
A423,10423,4.0,"01 4, 2015"
A424,10424,5.0,"01 5, 2015"
A425,10425,1.0,"01 6, 2015"
A426,10426,2.0,"01 7, 2015"
A427,10427,3.0,"01 8, 2015"
A428,10428,4.0,"01 9, 2015"
A429,10429,5.0,"01 10, 2015"
A430,10430,1.0,"01 11, 2015"
A431,10431,2.0,"01 12, 2015"
A432,10432,3.0,"01 13, 2015"
A433,10433,4.0,"01 14, 2015"
A434,10434,5.0,"01 15, 2015"
A435,10435,1.0,"01 16, 2015"
A436,10436,2.0,"01 17, 2015"
A437,10437,3.0,"01 18, 2015"
A438,10438,4.0,"01 19, 2015"
A439,10439,5.0,"01 20, 2015"
A440,10440,1.0,"01 21, 2015"
A441,10441,2.0,"01 22, 2015"
A442,10442,3.0,"01 23, 2015"
A443,10443,4.0,"01 24, 2015"
A444,10444,5.0,"01 25, 2015"
A445,10445,1.0,"01 26, 2015"
A446,10446,2.0,"01 27, 2015"
A447,10447,3.0,"01 28, 2015"
A448,10448,4.0,"01 1, 2015"
A449,10449,5.0,"01 2, 2015"
A450,10450,1.0,"01 3, 2015"
A451,10451,2.0,"01 4, 2015"
A452,10452,3.0,"01 5, 2015"
A453,10453,4.0,"01 6, 2015"
A454,10454,5.0,"01 7, 2015"
A455,10455,1.0,"01 8, 2015"
A456,10456,2.0,"01 9, 2015"
A457,10457,3.0,"01 10, 2015"
A458,10458,4.0,"01 11, 2015"
A459,10459,5.0,"01 12, 2015"
A460,10460,1.0,"01 13, 2015"
A461,10461,2.0,"01 14, 2015"
A462,10462,3.0,"01 15, 2015"
A463,10463,4.0,"01 16, 2015"
A464,10464,5.0,"01 17, 2015"
A465,10465,1.0,"01 18, 2015"
A466,10466,2.0,"01 19, 2015"
A467,10467,3.0,"01 20, 2015"
A468,10468,4.0,"01 21, 2015"
A469,10469,5.0,"01 22, 2015"
A470,10470,1.0,"01 23, 2015"
A471,10471,2.0,"01 24, 2015"
A472,10472,3.0,"01 25, 2015"
A473,10473,4.0,"01 26, 2015"
A474,10474,5.0,"01 27, 2015"
A475,10475,1.0,"01 28, 2015"
A476,10476,2.0,"01 1, 2015"
A477,10477,3.0,"01 2, 2015"
A478,10478,4.0,"01 3, 2015"
A479,10479,5.0,"01 4, 2015"
A480,10480,1.0,"01 5, 2015"
A481,10481,2.0,"01 6, 2015"
A482,10482,3.0,"01 7, 2015"
A483,10483,4.0,"01 8, 2015"
A484,10484,5.0,"01 9, 2015"
A485,10485,1.0,"01 10, 2015"
A486,10486,2.0,"01 11, 2015"
A487,10487,3.0,"01 12, 2015"
A488,10488,4.0,"01 13, 2015"
A489,10489,5.0,"01 14, 2015"
A490,10490,1.0,"01 15, 2015"
A491,10491,2.0,"01 16, 2015"
A492,10492,3.0,"01 17, 2015"
A493,10493,4.0,"01 18, 2015"
A494,10494,5.0,"01 19, 2015"
A495,10495,1.0,"01 20, 2015"
A496,10496,2.0,"01 21, 2015"
A497,10497,3.0,"01 22, 2015"
A498,10498,4.0,"01 23, 2015"
A499,10499,5.0,"01 24, 2015"
A500,10500,1.0,"01 25, 2015"
A501,10501,2.0,"01 26, 2015"
A502,10502,3.0,"01 27, 2015"
A503,10503,4.0,"01 28, 2015"
A504,10504,5.0,"01 1, 2015"
A505,10505,1.0,"01 2, 2015"
A506,10506,2.0,"01 3, 2015"
A507,10507,3.0,"01 4, 2015"
A508,10508,4.0,"01 5, 2015"
A509,10509,5.0,"01 6, 2015"
A510,10510,1.0,"01 7, 2015"
A511,10511,2.0,"01 8, 2015"
A512,10512,3.0,"01 9, 2015"
A513,10513,4.0,"01 10, 2015"
A514,10514,5.0,"01 11, 2015"
A515,10515,1.0,"01 12, 2015"
A516,10516,2.0,"01 13, 2015"
A517,10517,3.0,"01 14, 2015"
A518,10518,4.0,"01 15, 2015"
A519,10519,5.0,"01 16, 2015"
A520,10520,1.0,"01 17, 2015"
A521,10521,2.0,"01 18, 2015"
A522,10522,3.0,"01 19, 2015"
A523,10523,4.0,"01 20, 2015"
A524,10524,5.0,"01 21, 2015"
A525,10525,1.0,"01 22, 2015"
A526,10526,2.0,"01 23, 2015"
A527,10527,3.0,"01 24, 2015"
A528,10528,4.0,"01 25, 2015"
A529,10529,5.0,"01 26, 2015"
A530,10530,1.0,"01 27, 2015"
A531,10531,2.0,"01 28, 2015"
A532,10532,3.0,"01 1, 2015"
A533,10533,4.0,"01 2, 2015"
A534,10534,5.0,"01 3, 2015"
A535,10535,1.0,"01 4, 2015"
A536,10536,2.0,"01 5, 2015"
A537,10537,3.0,"01 6, 2015"
A538,10538,4.0,"01 7, 2015"
A539,10539,5.0,"01 8, 2015"
A540,10540,1.0,"01 9, 2015"
A541,10541,2.0,"01 10, 2015"
A542,10542,3.0,"01 11, 2015"
A543,10543,4.0,"01 12, 2015"
A544,10544,5.0,"01 13, 2015"
A545,10545,1.0,"01 14, 2015"
A546,10546,2.0,"01 15, 2015"
A547,10547,3.0,"01 16, 2015"
A548,10548,4.0,"01 17, 2015"
A549,10549,5.0,"01 18, 2015"
A550,10550,1.0,"01 19, 2015"
A551,10551,2.0,"01 20, 2015"
A552,10552,3.0,"01 21, 2015"
A553,10553,4.0,"01 22, 2015"
A554,10554,5.0,"01 23, 2015"
A555,10555,1.0,"01 24, 2015"
A556,10556,2.0,"01 25, 2015"
A557,10557,3.0,"01 26, 2015"
A558,10558,4.0,"01 27, 2015"
A559,10559,5.0,"01 28, 2015"
A560,10560,1.0,"01 1, 2015"
A561,10561,2.0,"01 2, 2015"
A562,10562,3.0,"01 3, 2015"
A563,10563,4.0,"01 4, 2015"
A564,10564,5.0,"01 5, 2015"
A565,10565,1.0,"01 6, 2015"
A566,10566,2.0,"01 7, 2015"
A567,10567,3.0,"01 8, 2015"
A568,10568,4.0,"01 9, 2015"
A569,10569,5.0,"01 10, 2015"
A570,10570,1.0,"01 11, 2015"
A571,10571,2.0,"01 12, 2015"
A572,10572,3.0,"01 13, 2015"
A573,10573,4.0,"01 14, 2015"
A574,10574,5.0,"01 15, 2015"
A575,10575,1.0,"01 16, 2015"
A576,10576,2.0,"01 17, 2015"
A577,10577,3.0,"01 18, 2015"
A578,10578,4.0,"01 19, 2015"
A579,10579,5.0,"01 20, 2015"
A580,10580,1.0,"01 21, 2015"
A581,10581,2.0,"01 22, 2015"
A582,10582,3.0,"01 23, 2015"
A583,10583,4.0,"01 24, 2015"
A584,10584,5.0,"01 25, 2015"
A585,10585,1.0,"01 26, 2015"
A586,10586,2.0,"01 27, 2015"
A587,10587,3.0,"01 28, 2015"
A588,10588,4.0,"01 1, 2015"
A589,10589,5.0,"01 2, 2015"
A590,10590,1.0,"01 3, 2015"
A591,10591,2.0,"01 4, 2015"
A592,10592,3.0,"01 5, 2015"
A593,10593,4.0,"01 6, 2015"
A594,10594,5.0,"01 7, 2015"
A595,10595,1.0,"01 8, 2015"
A596,10596,2.0,"01 9, 2015"
A597,10597,3.0,"01 10, 2015"
A598,10598,4.0,"01 11, 2015"
A599,10599,5.0,"01 12, 2015"
A600,10600,1.0,"01 13, 2015"
A601,10601,2.0,"01 14, 2015"
A602,10602,3.0,"01 15, 2015"
A603,10603,4.0,"01 16, 2015"
A604,10604,5.0,"01 17, 2015"
A605,10605,1.0,"01 18, 2015"
A606,10606,2.0,"01 19, 2015"
A607,10607,3.0,"01 20, 2015"
A608,10608,4.0,"01 21, 2015"
A609,10609,5.0,"01 22, 2015"
A610,10610,1.0,"01 23, 2015"
A611,10611,2.0,"01 24, 2015"
A612,10612,3.0,"01 25, 2015"
A613,10613,4.0,"01 26, 2015"
A614,10614,5.0,"01 27, 2015"
A615,10615,1.0,"01 28, 2015"
A616,10616,2.0,"01 1, 2015"
A617,10617,3.0,"01 2, 2015"
A618,10618,4.0,"01 3, 2015"
A619,10619,5.0,"01 4, 2015"
A620,10620,1.0,"01 5, 2015"
A621,10621,2.0,"01 6, 2015"
A622,10622,3.0,"01 7, 2015"
A623,10623,4.0,"01 8, 2015"
A624,10624,5.0,"01 9, 2015"
A625,10625,1.0,"01 10, 2015"
A626,10626,2.0,"01 11, 2015"
A627,10627,3.0,"01 12, 2015"
A628,10628,4.0,"01 13, 2015"
A629,10629,5.0,"01 14, 2015"
A630,10630,1.0,"01 15, 2015"
A631,10631,2.0,"01 16, 2015"
A632,10632,3.0,"01 17, 2015"
A633,10633,4.0,"01 18, 2015"
A634,10634,5.0,"01 19, 2015"
A635,10635,1.0,"01 20, 2015"
A636,10636,2.0,"01 21, 2015"
A637,10637,3.0,"01 22, 2015"
A638,10638,4.0,"01 23, 2015"
A639,10639,5.0,"01 24, 2015"
A640,10640,1.0,"01 25, 2015"
A641,10641,2.0,"01 26, 2015"
A642,10642,3.0,"01 27, 2015"
A643,10643,4.0,"01 28, 2015"
A644,10644,5.0,"01 1, 2015"
A645,10645,1.0,"01 2, 2015"
A646,10646,2.0,"01 3, 2015"
A647,10647,3.0,"01 4, 2015"
A648,10648,4.0,"01 5, 2015"
A649,10649,5.0,"01 6, 2015"
A650,10650,1.0,"01 7, 2015"
A651,10651,2.0,"01 8, 2015"
A652,10652,3.0,"01 9, 2015"
A653,10653,4.0,"01 10, 2015"
A654,10654,5.0,"01 11, 2015"
A655,10655,1.0,"01 12, 2015"
A656,10656,2.0,"01 13, 2015"
A657,10657,3.0,"01 14, 2015"
A658,10658,4.0,"01 15, 2015"
A659,10659,5.0,"01 16, 2015"
A660,10660,1.0,"01 17, 2015"
A661,10661,2.0,"01 18, 2015"
A662,10662,3.0,"01 19, 2015"
A663,10663,4.0,"01 20, 2015"
A664,10664,5.0,"01 21, 2015"
A665,10665,1.0,"01 22, 2015"
A666,10666,2.0,"01 23, 2015"
A667,10667,3.0,"01 24, 2015"
A668,10668,4.0,"01 25, 2015"
A669,10669,5.0,"01 26, 2015"
A670,10670,1.0,"01 27, 2015"
A671,10671,2.0,"01 28, 2015"
A672,10672,3.0,"01 1, 2015"
A673,10673,4.0,"01 2, 2015"
A674,10674,5.0,"01 3, 2015"
A675,10675,1.0,"01 4, 2015"
A676,10676,2.0,"01 5, 2015"
A677,10677,3.0,"01 6, 2015"
A678,10678,4.0,"01 7, 2015"
A679,10679,5.0,"01 8, 2015"
A680,10680,1.0,"01 9, 2015"
A681,10681,2.0,"01 10, 2015"
A682,10682,3.0,"01 11, 2015"
A683,10683,4.0,"01 12, 2015"
A684,10684,5.0,"01 13, 2015"
A685,10685,1.0,"01 14, 2015"
A686,10686,2.0,"01 15, 2015"
A687,10687,3.0,"01 16, 2015"
A688,10688,4.0,"01 17, 2015"
A689,10689,5.0,"01 18, 2015"
A690,10690,1.0,"01 19, 2015"
A691,10691,2.0,"01 20, 2015"
A692,10692,3.0,"01 21, 2015"
A693,10693,4.0,"01 22, 2015"
A694,10694,5.0,"01 23, 2015"
A695,10695,1.0,"01 24, 2015"
A696,10696,2.0,"01 25, 2015"
A697,10697,3.0,"01 26, 2015"
A698,10698,4.0,"01 27, 2015"
A699,10699,5.0,"01 28, 2015"
A700,10700,1.0,"01 1, 2015"
A701,10701,2.0,"01 2, 2015"
A702,10702,3.0,"01 3, 2015"
A703,10703,4.0,"01 4, 2015"
A704,10704,5.0,"01 5, 2015"
A705,10705,1.0,"01 6, 2015"
A706,10706,2.0,"01 7, 2015"
A707,10707,3.0,"01 8, 2015"
A708,10708,4.0,"01 9, 2015"
A709,10709,5.0,"01 10, 2015"
A710,10710,1.0,"01 11, 2015"
A711,10711,2.0,"01 12, 2015"
A712,10712,3.0,"01 13, 2015"
A713,10713,4.0,"01 14, 2015"
A714,10714,5.0,"01 15, 2015"
A715,10715,1.0,"01 16, 2015"
A716,10716,2.0,"01 17, 2015"
A717,10717,3.0,"01 18, 2015"
A718,10718,4.0,"01 19, 2015"
A719,10719,5.0,"01 20, 2015"
A720,10720,1.0,"01 21, 2015"
A721,10721,2.0,"01 22, 2015"
A722,10722,3.0,"01 23, 2015"
A723,10723,4.0,"01 24, 2015"
A724,10724,5.0,"01 25, 2015"
A725,10725,1.0,"01 26, 2015"
A726,10726,2.0,"01 27, 2015"
A727,10727,3.0,"01 28, 2015"
A728,10728,4.0,"01 1, 2015"
A729,10729,5.0,"01 2, 2015"
A730,10730,1.0,"01 3, 2015"
A731,10731,2.0,"01 4, 2015"
A732,10732,3.0,"01 5, 2015"
A733,10733,4.0,"01 6, 2015"
A734,10734,5.0,"01 7, 2015"
A735,10735,1.0,"01 8, 2015"
A736,10736,2.0,"01 9, 2015"
A737,10737,3.0,"01 10, 2015"
A738,10738,4.0,"01 11, 2015"
A739,10739,5.0,"01 12, 2015"
A740,10740,1.0,"01 13, 2015"
A741,10741,2.0,"01 14, 2015"
A742,10742,3.0,"01 15, 2015"
A743,10743,4.0,"01 16, 2015"
A744,10744,5.0,"01 17, 2015"
A745,10745,1.0,"01 18, 2015"
A746,10746,2.0,"01 19, 2015"
A747,10747,3.0,"01 20, 2015"
A748,10748,4.0,"01 21, 2015"
A749,10749,5.0,"01 22, 2015"
A750,10750,1.0,"01 23, 2015"
A751,10751,2.0,"01 24, 2015"
A752,10752,3.0,"01 25, 2015"
A753,10753,4.0,"01 26, 2015"
A754,10754,5.0,"01 27, 2015"
A755,10755,1.0,"01 28, 2015"
A756,10756,2.0,"01 1, 2015"
A757,10757,3.0,"01 2, 2015"
A758,10758,4.0,"01 3, 2015"
A759,10759,5.0,"01 4, 2015"
A760,10760,1.0,"01 5, 2015"
A761,10761,2.0,"01 6, 2015"
A762,10762,3.0,"01 7, 2015"
A763,10763,4.0,"01 8, 2015"
A764,10764,5.0,"01 9, 2015"
A765,10765,1.0,"01 10, 2015"
A766,10766,2.0,"01 11, 2015"
A767,10767,3.0,"01 12, 2015"
A768,10768,4.0,"01 13, 2015"
A769,10769,5.0,"01 14, 2015"
A770,10770,1.0,"01 15, 2015"
A771,10771,2.0,"01 16, 2015"
A772,10772,3.0,"01 17, 2015"
A773,10773,4.0,"01 18, 2015"
A774,10774,5.0,"01 19, 2015"
A775,10775,1.0,"01 20, 2015"
A776,10776,2.0,"01 21, 2015"
A777,10777,3.0,"01 22, 2015"
A778,10778,4.0,"01 23, 2015"
A779,10779,5.0,"01 24, 2015"
A780,10780,1.0,"01 25, 2015"
A781,10781,2.0,"01 26, 2015"
A782,10782,3.0,"01 27, 2015"
A783,10783,4.0,"01 28, 2015"
A784,10784,5.0,"01 1, 2015"
A785,10785,1.0,"01 2, 2015"
A786,10786,2.0,"01 3, 2015"
A787,10787,3.0,"01 4, 2015"
A788,10788,4.0,"01 5, 2015"
A789,10789,5.0,"01 6, 2015"
A790,10790,1.0,"01 7, 2015"
A791,10791,2.0,"01 8, 2015"
A792,10792,3.0,"01 9, 2015"
A793,10793,4.0,"01 10, 2015"
A794,10794,5.0,"01 11, 2015"
A795,10795,1.0,"01 12, 2015"
A796,10796,2.0,"01 13, 2015"
A797,10797,3.0,"01 14, 2015"
A798,10798,4.0,"01 15, 2015"
A799,10799,5.0,"01 16, 2015"
A800,10800,1.0,"01 17, 2015"
A801,10801,2.0,"01 18, 2015"
A802,10802,3.0,"01 19, 2015"
A803,10803,4.0,"01 20, 2015"
A804,10804,5.0,"01 21, 2015"
A805,10805,1.0,"01 22, 2015"
A806,10806,2.0,"01 23, 2015"
A807,10807,3.0,"01 24, 2015"
A808,10808,4.0,"01 25, 2015"
A809,10809,5.0,"01 26, 2015"
A810,10810,1.0,"01 27, 2015"
A811,10811,2.0,"01 28, 2015"
A812,10812,3.0,"01 1, 2015"
A813,10813,4.0,"01 2, 2015"
A814,10814,5.0,"01 3, 2015"
A815,10815,1.0,"01 4, 2015"
A816,10816,2.0,"01 5, 2015"
A817,10817,3.0,"01 6, 2015"
A818,10818,4.0,"01 7, 2015"
A819,10819,5.0,"01 8, 2015"
A820,10820,1.0,"01 9, 2015"
A821,10821,2.0,"01 10, 2015"
A822,10822,3.0,"01 11, 2015"
A823,10823,4.0,"01 12, 2015"
A824,10824,5.0,"01 13, 2015"
A825,10825,1.0,"01 14, 2015"
A826,10826,2.0,"01 15, 2015"
A827,10827,3.0,"01 16, 2015"
A828,10828,4.0,"01 17, 2015"
A829,10829,5.0,"01 18, 2015"
A830,10830,1.0,"01 19, 2015"
A831,10831,2.0,"01 20, 2015"
A832,10832,3.0,"01 21, 2015"
A833,10833,4.0,"01 22, 2015"
A834,10834,5.0,"01 23, 2015"
A835,10835,1.0,"01 24, 2015"
A836,10836,2.0,"01 25, 2015"
A837,10837,3.0,"01 26, 2015"
A838,10838,4.0,"01 27, 2015"
A839,10839,5.0,"01 28, 2015"
A840,10840,1.0,"01 1, 2015"
A841,10841,2.0,"01 2, 2015"
A842,10842,3.0,"01 3, 2015"
A843,10843,4.0,"01 4, 2015"
A844,10844,5.0,"01 5, 2015"
A845,10845,1.0,"01 6, 2015"
A846,10846,2.0,"01 7, 2015"
A847,10847,3.0,"01 8, 2015"
A848,10848,4.0,"01 9, 2015"
A849,10849,5.0,"01 10, 2015"
A850,10850,1.0,"01 11, 2015"
A851,10851,2.0,"01 12, 2015"
A852,10852,3.0,"01 13, 2015"
A853,10853,4.0,"01 14, 2015"
A854,10854,5.0,"01 15, 2015"
A855,10855,1.0,"01 16, 2015"
A856,10856,2.0,"01 17, 2015"
A857,10857,3.0,"01 18, 2015"
A858,10858,4.0,"01 19, 2015"
A859,10859,5.0,"01 20, 2015"
A860,10860,1.0,"01 21, 2015"
A861,10861,2.0,"01 22, 2015"
A862,10862,3.0,"01 23, 2015"
A863,10863,4.0,"01 24, 2015"
A864,10864,5.0,"01 25, 2015"
A865,10865,1.0,"01 26, 2015"
A866,10866,2.0,"01 27, 2015"
A867,10867,3.0,"01 28, 2015"
A868,10868,4.0,"01 1, 2015"
A869,10869,5.0,"01 2, 2015"
A870,10870,1.0,"01 3, 2015"
A871,10871,2.0,"01 4, 2015"
A872,10872,3.0,"01 5, 2015"
A873,10873,4.0,"01 6, 2015"
A874,10874,5.0,"01 7, 2015"
A875,10875,1.0,"01 8, 2015"
A876,10876,2.0,"01 9, 2015"
A877,10877,3.0,"01 10, 2015"
A878,10878,4.0,"01 11, 2015"
A879,10879,5.0,"01 12, 2015"
A880,10880,1.0,"01 13, 2015"
A881,10881,2.0,"01 14, 2015"
A882,10882,3.0,"01 15, 2015"
A883,10883,4.0,"01 16, 2015"
A884,10884,5.0,"01 17, 2015"
A885,10885,1.0,"01 18, 2015"
A886,10886,2.0,"01 19, 2015"
A887,10887,3.0,"01 20, 2015"
A888,10888,4.0,"01 21, 2015"
A889,10889,5.0,"01 22, 2015"
A890,10890,1.0,"01 23, 2015"
A891,10891,2.0,"01 24, 2015"
A892,10892,3.0,"01 25, 2015"
A893,10893,4.0,"01 26, 2015"
A894,10894,5.0,"01 27, 2015"
A895,10895,1.0,"01 28, 2015"
A896,10896,2.0,"01 1, 2015"
A897,10897,3.0,"01 2, 2015"
A898,10898,4.0,"01 3, 2015"
A899,10899,5.0,"01 4, 2015"
A900,10900,1.0,"01 5, 2015"
A901,10901,2.0,"01 6, 2015"
A902,10902,3.0,"01 7, 2015"
A903,10903,4.0,"01 8, 2015"
A904,10904,5.0,"01 9, 2015"
A905,10905,1.0,"01 10, 2015"
A906,10906,2.0,"01 11, 2015"
A907,10907,3.0,"01 12, 2015"
A908,10908,4.0,"01 13, 2015"
A909,10909,5.0,"01 14, 2015"
A910,10910,1.0,"01 15, 2015"
A911,10911,2.0,"01 16, 2015"
A912,10912,3.0,"01 17, 2015"
A913,10913,4.0,"01 18, 2015"
A914,10914,5.0,"01 19, 2015"
A915,10915,1.0,"01 20, 2015"
A916,10916,2.0,"01 21, 2015"
A917,10917,3.0,"01 22, 2015"
A918,10918,4.0,"01 23, 2015"
A919,10919,5.0,"01 24, 2015"
A920,10920,1.0,"01 25, 2015"
A921,10921,2.0,"01 26, 2015"
A922,10922,3.0,"01 27, 2015"
A923,10923,4.0,"01 28, 2015"
A924,10924,5.0,"01 1, 2015"
A925,10925,1.0,"01 2, 2015"
A926,10926,2.0,"01 3, 2015"
A927,10927,3.0,"01 4, 2015"
A928,10928,4.0,"01 5, 2015"
A929,10929,5.0,"01 6, 2015"
A930,10930,1.0,"01 7, 2015"
A931,10931,2.0,"01 8, 2015"
A932,10932,3.0,"01 9, 2015"
A933,10933,4.0,"01 10, 2015"
A934,10934,5.0,"01 11, 2015"
A935,10935,1.0,"01 12, 2015"
A936,10936,2.0,"01 13, 2015"
A937,10937,3.0,"01 14, 2015"
A938,10938,4.0,"01 15, 2015"
A939,10939,5.0,"01 16, 2015"
A940,10940,1.0,"01 17, 2015"
A941,10941,2.0,"01 18, 2015"
A942,10942,3.0,"01 19, 2015"
A943,10943,4.0,"01 20, 2015"
A944,10944,5.0,"01 21, 2015"
A945,10945,1.0,"01 22, 2015"
A946,10946,2.0,"01 23, 2015"
A947,10947,3.0,"01 24, 2015"
A948,10948,4.0,"01 25, 2015"
A949,10949,5.0,"01 26, 2015"
A950,10950,1.0,"01 27, 2015"
A951,10951,2.0,"01 28, 2015"
A952,10952,3.0,"01 1, 2015"
A953,10953,4.0,"01 2, 2015"
A954,10954,5.0,"01 3, 2015"
A955,10955,1.0,"01 4, 2015"
A956,10956,2.0,"01 5, 2015"
A957,10957,3.0,"01 6, 2015"
A958,10958,4.0,"01 7, 2015"
A959,10959,5.0,"01 8, 2015"
A960,10960,1.0,"01 9, 2015"
A961,10961,2.0,"01 10, 2015"
A962,10962,3.0,"01 11, 2015"
A963,10963,4.0,"01 12, 2015"
A964,10964,5.0,"01 13, 2015"
A965,10965,1.0,"01 14, 2015"
A966,10966,2.0,"01 15, 2015"
A967,10967,3.0,"01 16, 2015"
A968,10968,4.0,"01 17, 2015"
A969,10969,5.0,"01 18, 2015"
A970,10970,1.0,"01 19, 2015"
A971,10971,2.0,"01 20, 2015"
A972,10972,3.0,"01 21, 2015"
A973,10973,4.0,"01 22, 2015"
A974,10974,5.0,"01 23, 2015"
A975,10975,1.0,"01 24, 2015"
A976,10976,2.0,"01 25, 2015"
A977,10977,3.0,"01 26, 2015"
A978,10978,4.0,"01 27, 2015"
A979,10979,5.0,"01 28, 2015"
A980,10980,1.0,"01 1, 2015"
A981,10981,2.0,"01 2, 2015"
A982,10982,3.0,"01 3, 2015"
A983,10983,4.0,"01 4, 2015"
A984,10984,5.0,"01 5, 2015"
A985,10985,1.0,"01 6, 2015"
A986,10986,2.0,"01 7, 2015"
A987,10987,3.0,"01 8, 2015"
A988,10988,4.0,"01 9, 2015"
A989,10989,5.0,"01 10, 2015"
A990,10990,1.0,"01 11, 2015"
A991,10991,2.0,"01 12, 2015"
A992,10992,3.0,"01 13, 2015"
A993,10993,4.0,"01 14, 2015"
A994,10994,5.0,"01 15, 2015"
A995,10995,1.0,"01 16, 2015"
A996,10996,2.0,"01 17, 2015"
A997,10997,3.0,"01 18, 2015"
A998,10998,4.0,"01 19, 2015"
A999,10999,5.0,"01 20, 2015"
A1000,11000,1.0,"01 21, 2015"
